Date,mean
2010-12-15 00:00:00,0.5072811158798283
2010-12-15 00:30:00,0.4116366237482117
2010-12-15 01:00:00,0.3151137339055794
2010-12-15 01:30:00,0.31511373390557945
2010-12-15 02:00:00,0.26366595135908444
2010-12-15 02:30:00,0.2283705293276109
2010-12-15 03:00:00,0.21000357653791127
2010-12-15 03:30:00,0.19695350500715306
2010-12-15 04:00:00,0.1925615164520744
2010-12-15 04:30:00,0.18522532188841204
2010-12-15 05:00:00,0.18522532188841204
2010-12-15 05:30:00,0.18967954220314734
2010-12-15 06:00:00,0.199137339055794
2010-12-15 06:30:00,0.2269928469241774
2010-12-15 07:00:00,0.27718311874105866
2010-12-15 07:30:00,0.27718311874105866
2010-12-15 08:00:00,0.3478512160228899
2010-12-15 08:30:00,0.41976895565092986
2010-12-15 09:00:00,0.49140486409155937
2010-12-15 09:30:00,0.5652646638054364
2010-12-15 10:00:00,0.623293991416309
2010-12-15 10:30:00,0.623293991416309
2010-12-15 11:00:00,0.6540364806866953
2010-12-15 11:30:00,0.6541573676680973
2010-12-15 12:00:00,0.6541573676680973
2010-12-15 12:30:00,0.6541573676680973
2010-12-15 13:00:00,0.5945250357653791
2010-12-15 13:30:00,0.5977711015736767
2010-12-15 14:00:00,0.5397067238912733
2010-12-15 14:30:00,0.5208319027181688
2010-12-15 15:00:00,0.5289577968526465
2010-12-15 15:30:00,0.5289577968526467
2010-12-15 16:00:00,0.6977432045779685
2010-12-15 16:30:00,0.8473147353361945
2010-12-15 17:00:00,0.9667653791130185
2010-12-15 17:30:00,0.9667653791130185
2010-12-15 18:00:00,0.9667653791130185
2010-12-15 18:30:00,0.9667653791130185
2010-12-15 19:00:00,0.9568562231759657
2010-12-15 19:30:00,0.9354456366237481
2010-12-15 20:00:00,0.8839477825464949
2010-12-15 20:30:00,0.8839477825464949
2010-12-15 21:00:00,0.8299649499284693
2010-12-15 21:30:00,0.774854792560801
2010-12-15 22:00:00,0.7304127324749642
2010-12-15 22:30:00,0.6913698140200286
2010-12-15 23:00:00,0.6377703862660944
2010-12-15 23:30:00,0.5916802575107296
2010-12-16 00:00:00,0.48259227467811155
2010-12-16 00:30:00,0.38780329041487843
2010-12-16 01:00:00,0.31284549356223174
2010-12-16 01:30:00,0.2618068669527897
2010-12-16 02:00:00,0.23077896995708155
2010-12-16 02:30:00,0.2133612303290415
2010-12-16 03:00:00,0.20187482117310443
2010-12-16 03:30:00,0.1977396280400572
2010-12-16 04:00:00,0.19126752503576538
2010-12-16 04:30:00,0.18991773962804004
2010-12-16 05:00:00,0.19401359084406297
2010-12-16 05:30:00,0.19954577968526466
2010-12-16 06:00:00,0.22002145922746782
2010-12-16 06:30:00,0.30347210300429184
2010-12-16 07:00:00,0.4208705293276109
2010-12-16 07:30:00,0.5276380543633762
2010-12-16 08:00:00,0.5276380543633762
2010-12-16 08:30:00,0.539673104434907
2010-12-16 09:00:00,0.5283483547925608
2010-12-16 09:30:00,0.5283483547925608
2010-12-16 10:00:00,0.4910343347639485
2010-12-16 10:30:00,0.49183404864091557
2010-12-16 11:00:00,0.4918340486409156
2010-12-16 11:30:00,0.477010729613734
2010-12-16 12:00:00,0.477010729613734
2010-12-16 12:30:00,0.49353719599427753
2010-12-16 13:00:00,0.49118812589413446
2010-12-16 13:30:00,0.4909756795422031
2010-12-16 14:00:00,0.47538340486409153
2010-12-16 14:30:00,0.46875751072961375
2010-12-16 15:00:00,0.48436123032904144
2010-12-16 15:30:00,0.5128054363376252
2010-12-16 16:00:00,0.5728483547925608
2010-12-16 16:30:00,0.641879113018598
2010-12-16 17:00:00,0.7573905579399142
2010-12-16 17:30:00,0.8582260371959943
2010-12-16 18:00:00,0.9288054363376252
2010-12-16 18:30:00,0.9373097281831188
2010-12-16 19:00:00,0.919546494992847
2010-12-16 19:30:00,0.8929213161659514
2010-12-16 20:00:00,0.8574985693848355
2010-12-16 20:30:00,0.8197982832618026
2010-12-16 21:00:00,0.8197982832618026
2010-12-16 21:30:00,0.7859749642346209
2010-12-16 22:00:00,0.7560801144492132
2010-12-16 22:30:00,0.7028826895565093
2010-12-16 23:00:00,0.6446602288984263
2010-12-16 23:30:00,0.5647582260371959
2010-12-17 00:00:00,0.5690793991416309
2010-12-17 00:30:00,0.41956795422031473
2010-12-17 01:00:00,0.32554721030042916
2010-12-17 01:30:00,0.26198426323319024
2010-12-17 02:00:00,0.2619842632331903
2010-12-17 02:30:00,0.23861373390557938
2010-12-17 03:00:00,0.21940057224606582
2010-12-17 03:30:00,0.21940057224606582
2010-12-17 04:00:00,0.20579113018597997
2010-12-17 04:30:00,0.19550715307582264
2010-12-17 05:00:00,0.19577181688125891
2010-12-17 05:30:00,0.19577181688125891
2010-12-17 06:00:00,0.23879971387696708
2010-12-17 06:30:00,0.2387997138769671
2010-12-17 07:00:00,0.2387997138769671
2010-12-17 07:30:00,0.35927467811158803
2010-12-17 08:00:00,0.46975035765379114
2010-12-17 08:30:00,0.5369606580829757
2010-12-17 09:00:00,0.5369606580829757
2010-12-17 09:30:00,0.5369606580829758
2010-12-17 10:00:00,0.5260736766809728
2010-12-17 10:30:00,0.5260736766809728
2010-12-17 11:00:00,0.5187424892703864
2010-12-17 11:30:00,0.5147775393419171
2010-12-17 12:00:00,0.5147775393419171
2010-12-17 12:30:00,0.5488276108726753
2010-12-17 13:00:00,0.5728712446351932
2010-12-17 13:30:00,0.5809184549356223
2010-12-17 14:00:00,0.5809184549356223
2010-12-17 14:30:00,0.5490407725321889
2010-12-17 15:00:00,0.5609592274678111
2010-12-17 15:30:00,0.6016773962804006
2010-12-17 16:00:00,0.6699406294706725
2010-12-17 16:30:00,0.6699406294706725
2010-12-17 17:00:00,0.8048562231759657
2010-12-17 17:30:00,0.9444484978540771
2010-12-17 18:00:00,1.0467546494992848
2010-12-17 18:30:00,1.0467546494992848
2010-12-17 19:00:00,1.0437410586552218
2010-12-17 19:30:00,1.0135443490701002
2010-12-17 20:00:00,1.0135443490701002
2010-12-17 20:30:00,0.9684735336194564
2010-12-17 21:00:00,0.9684735336194564
2010-12-17 21:30:00,0.9020636623748212
2010-12-17 22:00:00,0.8199113018597997
2010-12-17 22:30:00,0.8199113018597998
2010-12-17 23:00:00,0.6983290414878397
2010-12-17 23:30:00,0.6983290414878397
2010-12-18 00:00:00,0.5266416309012875
2010-12-18 00:30:00,0.43034334763948495
2010-12-18 01:00:00,0.35293133047210307
2010-12-18 01:30:00,0.2886416309012875
2010-12-18 02:00:00,0.243826895565093
2010-12-18 02:30:00,0.21330829756795425
2010-12-18 03:00:00,0.20061444921316166
2010-12-18 03:30:00,0.19323605150214593
2010-12-18 04:00:00,0.19196638054363377
2010-12-18 04:30:00,0.19230257510729612
2010-12-18 05:00:00,0.19058369098712447
2010-12-18 05:30:00,0.20068812589413446
2010-12-18 06:00:00,0.22428111587982835
2010-12-18 06:30:00,0.26841773962804005
2010-12-18 07:00:00,0.3490407725321889
2010-12-18 07:30:00,0.35567739628040057
2010-12-18 08:00:00,0.47123175965665237
2010-12-18 08:30:00,0.4718826895565093
2010-12-18 09:00:00,0.5325615164520744
2010-12-18 09:30:00,0.5120543633762518
2010-12-18 10:00:00,0.5183040057224607
2010-12-18 10:30:00,0.5134091559370529
2010-12-18 11:00:00,0.5048147353361946
2010-12-18 11:30:00,0.49399284692417744
2010-12-18 12:00:00,0.4874549356223176
2010-12-18 12:30:00,0.5150729613733905
2010-12-18 13:00:00,0.5315064377682402
2010-12-18 13:30:00,0.5295672389127325
2010-12-18 14:00:00,0.49339413447782543
2010-12-18 14:30:00,0.6018347639484979
2010-12-18 15:00:00,0.6691037195994278
2010-12-18 15:30:00,0.6758905579399143
2010-12-18 16:00:00,0.7194356223175967
2010-12-18 16:30:00,0.7365772532188841
2010-12-18 17:00:00,0.8798018597997138
2010-12-18 17:30:00,0.9305236051502147
2010-12-18 18:00:00,1.0036738197424893
2010-12-18 18:30:00,1.0441359084406294
2010-12-18 19:00:00,1.0382961373390558
2010-12-18 19:30:00,1.0285872675250358
2010-12-18 20:00:00,0.9772668097281832
2010-12-18 20:30:00,0.8906115879828326
2010-12-18 21:00:00,0.8525801144492132
2010-12-18 21:30:00,0.8203340486409156
2010-12-18 22:00:00,0.8687267525035766
2010-12-18 22:30:00,0.8137231759656652
2010-12-18 23:00:00,0.7031144492131616
2010-12-18 23:30:00,0.5984635193133047
2010-12-19 00:00:00,0.5085543633762518
2010-12-19 00:30:00,0.436829756795422
2010-12-19 01:00:00,0.34504005722460657
2010-12-19 01:30:00,0.2837725321888412
2010-12-19 02:00:00,0.26026537911301856
2010-12-19 02:30:00,0.23661444921316166
2010-12-19 03:00:00,0.22139055793991416
2010-12-19 03:30:00,0.2079463519313305
2010-12-19 04:00:00,0.20187124463519313
2010-12-19 04:30:00,0.1949871244635193
2010-12-19 05:00:00,0.21057510729613735
2010-12-19 05:30:00,0.21924248927038625
2010-12-19 06:00:00,0.24041130185979973
2010-12-19 06:30:00,0.25659942775393413
2010-12-19 07:00:00,0.34685479256080115
2010-12-19 07:30:00,0.48721244635193134
2010-12-19 08:00:00,0.5105915593705294
2010-12-19 08:30:00,0.5406523605150214
2010-12-19 09:00:00,0.5396437768240343
2010-12-19 09:30:00,0.542401287553648
2010-12-19 10:00:00,0.5303004291845493
2010-12-19 10:30:00,0.5146366237482117
2010-12-19 11:00:00,0.5154563662374821
2010-12-19 11:30:00,0.5126137339055794
2010-12-19 12:00:00,0.5358776824034334
2010-12-19 12:30:00,0.5422904148783977
2010-12-19 13:00:00,0.5693898426323319
2010-12-19 13:30:00,0.5611165951359084
2010-12-19 14:00:00,0.5539456366237482
2010-12-19 14:30:00,0.5339763948497854
2010-12-19 15:00:00,0.51220886981402
2010-12-19 15:30:00,0.5574406294706724
2010-12-19 16:00:00,0.5847789699570816
2010-12-19 16:30:00,0.6306974248927039
2010-12-19 17:00:00,0.6713412017167383
2010-12-19 17:30:00,0.75420886981402
2010-12-19 18:00:00,0.8523748211731044
2010-12-19 18:30:00,0.8556101573676681
2010-12-19 19:00:00,0.9722267525035765
2010-12-19 19:30:00,0.9865271816881259
2010-12-19 20:00:00,0.9541015736766809
2010-12-19 20:30:00,0.9152203147353362
2010-12-19 21:00:00,0.9158469241773962
2010-12-19 21:30:00,0.9129785407725323
2010-12-19 22:00:00,0.8631316165951359
2010-12-19 22:30:00,0.7726280400572246
2010-12-19 23:00:00,0.7059048640915594
2010-12-19 23:30:00,0.6069234620886981
2010-12-20 00:00:00,0.6117310443490701
2010-12-20 00:30:00,0.49230972818311874
2010-12-20 01:00:00,0.4041030042918455
2010-12-20 01:30:00,0.36840629470672387
2010-12-20 02:00:00,0.3010128755364807
2010-12-20 02:30:00,0.2710200286123033
2010-12-20 03:00:00,0.24248211731044347
2010-12-20 03:30:00,0.24957439198855505
2010-12-20 04:00:00,0.22269098712446353
2010-12-20 04:30:00,0.2207460658082976
2010-12-20 05:00:00,0.2222238912732475
2010-12-20 05:30:00,0.23116165951359088
2010-12-20 06:00:00,0.23683118741058654
2010-12-20 06:30:00,0.26823175965665236
2010-12-20 07:00:00,0.2899785407725322
2010-12-20 07:30:00,0.38797067238912736
2010-12-20 08:00:00,0.44517811158798276
2010-12-20 08:30:00,0.5347782546494992
2010-12-20 09:00:00,0.59108226037196
2010-12-20 09:30:00,0.6333969957081546
2010-12-20 10:00:00,0.6282195994277538
2010-12-20 10:30:00,0.627143061516452
2010-12-20 11:00:00,0.6553133047210301
2010-12-20 11:30:00,0.6403140200286123
2010-12-20 12:00:00,0.7393247496423462
2010-12-20 12:30:00,0.6912682403433476
2010-12-20 13:00:00,0.7083998569384834
2010-12-20 13:30:00,0.7672381974248926
2010-12-20 14:00:00,0.6994141630901288
2010-12-20 14:30:00,0.6623426323319027
2010-12-20 15:00:00,0.654013590844063
2010-12-20 15:30:00,0.6483426323319027
2010-12-20 16:00:00,0.6076187410586552
2010-12-20 16:30:00,0.6442846924177396
2010-12-20 17:00:00,0.727293991416309
2010-12-20 17:30:00,0.8088690987124463
2010-12-20 18:00:00,0.9604391988555078
2010-12-20 18:30:00,1.0312045779685264
2010-12-20 19:00:00,1.0278662374821173
2010-12-20 19:30:00,1.025134477825465
2010-12-20 20:00:00,0.9999785407725321
2010-12-20 20:30:00,0.9881351931330471
2010-12-20 21:00:00,0.9346008583690987
2010-12-20 21:30:00,0.9246187410586552
2010-12-20 22:00:00,0.8352560801144492
2010-12-20 22:30:00,0.750807582260372
2010-12-20 23:00:00,0.723260371959943
2010-12-20 23:30:00,0.6901022889842633
2010-12-21 00:00:00,0.5244721030042919
2010-12-21 00:30:00,0.5244721030042918
2010-12-21 01:00:00,0.43385050071530756
2010-12-21 01:30:00,0.36193705293276107
2010-12-21 02:00:00,0.30085693848354794
2010-12-21 02:30:00,0.30085693848354794
2010-12-21 03:00:00,0.26167024320457793
2010-12-21 03:30:00,0.22908440629470672
2010-12-21 04:00:00,0.2159656652360515
2010-12-21 04:30:00,0.2159656652360515
2010-12-21 05:00:00,0.21086552217453505
2010-12-21 05:30:00,0.22023891273247498
2010-12-21 06:00:00,0.23824105865522174
2010-12-21 06:30:00,0.23824105865522174
2010-12-21 07:00:00,0.23824105865522174
2010-12-21 07:30:00,0.3514556509298999
2010-12-21 08:00:00,0.3514556509298999
2010-12-21 08:30:00,0.4846731044349071
2010-12-21 09:00:00,0.626115164520744
2010-12-21 09:30:00,0.626115164520744
2010-12-21 10:00:00,0.6848125894134478
2010-12-21 10:30:00,0.6848125894134478
2010-12-21 11:00:00,0.7227324749642347
2010-12-21 11:30:00,0.7227324749642347
2010-12-21 12:00:00,0.7406087267525036
2010-12-21 12:30:00,0.7532532188841202
2010-12-21 13:00:00,0.7369685264663804
2010-12-21 13:30:00,0.7369685264663804
2010-12-21 14:00:00,0.7178218884120172
2010-12-21 14:30:00,0.7178218884120172
2010-12-21 15:00:00,0.7178218884120172
2010-12-21 15:30:00,0.7137989985693848
2010-12-21 16:00:00,0.7837324749642347
2010-12-21 16:30:00,0.9335915593705293
2010-12-21 17:00:00,0.9335915593705293
2010-12-21 17:30:00,0.9335915593705293
2010-12-21 18:00:00,1.0416609442060085
2010-12-21 18:30:00,1.0831423462088698
2010-12-21 19:00:00,1.0831423462088698
2010-12-21 19:30:00,1.0347539341917025
2010-12-21 20:00:00,0.9903834048640916
2010-12-21 20:30:00,0.9454628040057225
2010-12-21 21:00:00,0.9041709585121603
2010-12-21 21:30:00,0.9041709585121603
2010-12-21 22:00:00,0.8382482117310444
2010-12-21 22:30:00,0.7731959942775393
2010-12-21 23:00:00,0.6906917024320457
2010-12-21 23:30:00,0.6906917024320457
2010-12-22 00:00:00,0.6035622317596566
2010-12-22 00:30:00,0.46821816881258943
2010-12-22 01:00:00,0.3667832618025751
2010-12-22 01:30:00,0.3667832618025751
2010-12-22 02:00:00,0.31275679542203144
2010-12-22 02:30:00,0.2804306151645208
2010-12-22 03:00:00,0.2627596566523605
2010-12-22 03:30:00,0.2566623748211731
2010-12-22 04:00:00,0.25666237482117316
2010-12-22 04:30:00,0.2581165951359085
2010-12-22 05:00:00,0.2595636623748212
2010-12-22 05:30:00,0.263222460658083
2010-12-22 06:00:00,0.2728419170243204
2010-12-22 06:30:00,0.3012081545064378
2010-12-22 07:00:00,0.42001573676680976
2010-12-22 07:30:00,0.5348762517882689
2010-12-22 08:00:00,0.6263805436337626
2010-12-22 08:30:00,0.6263805436337625
2010-12-22 09:00:00,0.6287167381974249
2010-12-22 09:30:00,0.6202188841201717
2010-12-22 10:00:00,0.6202188841201717
2010-12-22 10:30:00,0.6396609442060085
2010-12-22 11:00:00,0.6396609442060086
2010-12-22 11:30:00,0.6606487839771101
2010-12-22 12:00:00,0.6988347639484979
2010-12-22 12:30:00,0.71423104434907
2010-12-22 13:00:00,0.7178619456366238
2010-12-22 13:30:00,0.6999434907010015
2010-12-22 14:00:00,0.6999434907010015
2010-12-22 14:30:00,0.6636959942775394
2010-12-22 15:00:00,0.6636959942775394
2010-12-22 15:30:00,0.7018061516452074
2010-12-22 16:00:00,0.8087260371959943
2010-12-22 16:30:00,0.8087260371959943
2010-12-22 17:00:00,0.9851380543633764
2010-12-22 17:30:00,0.9851380543633764
2010-12-22 18:00:00,1.0872896995708154
2010-12-22 18:30:00,1.0872896995708154
2010-12-22 19:00:00,1.11312660944206
2010-12-22 19:30:00,1.11312660944206
2010-12-22 20:00:00,1.047244635193133
2010-12-22 20:30:00,0.9780178826895566
2010-12-22 21:00:00,0.9780178826895566
2010-12-22 21:30:00,0.9011931330472104
2010-12-22 22:00:00,0.9011931330472104
2010-12-22 22:30:00,0.8597968526466381
2010-12-22 23:00:00,0.8083383404864092
2010-12-22 23:30:00,0.7311909871244634
2010-12-23 00:00:00,0.5244721030042919
2010-12-23 00:30:00,0.5244721030042918
2010-12-23 01:00:00,0.43385050071530756
2010-12-23 01:30:00,0.36193705293276107
2010-12-23 02:00:00,0.30085693848354794
2010-12-23 02:30:00,0.30085693848354794
2010-12-23 03:00:00,0.26167024320457793
2010-12-23 03:30:00,0.22908440629470672
2010-12-23 04:00:00,0.2159656652360515
2010-12-23 04:30:00,0.2159656652360515
2010-12-23 05:00:00,0.21086552217453505
2010-12-23 05:30:00,0.22023891273247498
2010-12-23 06:00:00,0.23824105865522174
2010-12-23 06:30:00,0.23824105865522174
2010-12-23 07:00:00,0.23824105865522174
2010-12-23 07:30:00,0.3514556509298999
2010-12-23 08:00:00,0.3514556509298999
2010-12-23 08:30:00,0.4846731044349071
2010-12-23 09:00:00,0.626115164520744
2010-12-23 09:30:00,0.626115164520744
2010-12-23 10:00:00,0.6848125894134478
2010-12-23 10:30:00,0.6848125894134478
2010-12-23 11:00:00,0.7227324749642347
2010-12-23 11:30:00,0.7227324749642347
2010-12-23 12:00:00,0.7406087267525036
2010-12-23 12:30:00,0.7532532188841202
2010-12-23 13:00:00,0.7369685264663804
2010-12-23 13:30:00,0.7369685264663804
2010-12-23 14:00:00,0.7178218884120172
2010-12-23 14:30:00,0.7178218884120172
2010-12-23 15:00:00,0.7178218884120172
2010-12-23 15:30:00,0.7137989985693848
2010-12-23 16:00:00,0.7837324749642347
2010-12-23 16:30:00,0.9335915593705293
2010-12-23 17:00:00,0.9335915593705293
2010-12-23 17:30:00,0.9335915593705293
2010-12-23 18:00:00,1.0416609442060085
2010-12-23 18:30:00,1.0831423462088698
2010-12-23 19:00:00,1.0831423462088698
2010-12-23 19:30:00,1.0347539341917025
2010-12-23 20:00:00,0.9903834048640916
2010-12-23 20:30:00,0.9454628040057225
2010-12-23 21:00:00,0.9041709585121603
2010-12-23 21:30:00,0.9041709585121603
2010-12-23 22:00:00,0.8382482117310444
2010-12-23 22:30:00,0.7731959942775393
2010-12-23 23:00:00,0.6906917024320457
2010-12-23 23:30:00,0.6906917024320457
2010-12-24 00:00:00,0.6759413447782547
2010-12-24 00:30:00,0.5143805436337625
2010-12-24 01:00:00,0.39558798283261803
2010-12-24 01:30:00,0.3648483547925608
2010-12-24 02:00:00,0.3149907010014306
2010-12-24 02:30:00,0.26677110157367667
2010-12-24 03:00:00,0.24410944206008586
2010-12-24 03:30:00,0.24665951359084407
2010-12-24 04:00:00,0.2392525035765379
2010-12-24 04:30:00,0.23362875536480687
2010-12-24 05:00:00,0.23115236051502144
2010-12-24 05:30:00,0.23828254649499284
2010-12-24 06:00:00,0.2647997138769671
2010-12-24 06:30:00,0.29996065808297573
2010-12-24 07:00:00,0.35206509298998573
2010-12-24 07:30:00,0.39329685264663805
2010-12-24 08:00:00,0.452398426323319
2010-12-24 08:30:00,0.49848497854077256
2010-12-24 09:00:00,0.5382339055793992
2010-12-24 09:30:00,0.5634484978540772
2010-12-24 10:00:00,0.6007052932761087
2010-12-24 10:30:00,0.6477854077253218
2010-12-24 11:00:00,0.6756695278969956
2010-12-24 11:30:00,0.6968712446351931
2010-12-24 12:00:00,0.7166244635193134
2010-12-24 12:30:00,0.7465035765379113
2010-12-24 13:00:00,0.7403161659513592
2010-12-24 13:30:00,0.7412711015736767
2010-12-24 14:00:00,0.6881394849785408
2010-12-24 14:30:00,0.6722482117310443
2010-12-24 15:00:00,0.6409978540772533
2010-12-24 15:30:00,0.6544349070100143
2010-12-24 16:00:00,0.7727925608011446
2010-12-24 16:30:00,0.8062138769670959
2010-12-24 17:00:00,0.9272360515021459
2010-12-24 17:30:00,1.0428869814020028
2010-12-24 18:00:00,1.0670407725321889
2010-12-24 18:30:00,1.1172575107296137
2010-12-24 19:00:00,1.1060464949928468
2010-12-24 19:30:00,1.1051573676680972
2010-12-24 20:00:00,1.0960472103004293
2010-12-24 20:30:00,1.0659542203147352
2010-12-24 21:00:00,1.0876573676680972
2010-12-24 21:30:00,1.0299277539341916
2010-12-24 22:00:00,0.9554148783977109
2010-12-24 22:30:00,0.9001187410586552
2010-12-24 23:00:00,0.8165329041487839
2010-12-24 23:30:00,0.7154113018597997
2010-12-25 00:00:00,0.6419513590844063
2010-12-25 00:30:00,0.5182095851216023
2010-12-25 01:00:00,0.4206709585121602
2010-12-25 01:30:00,0.35082546494992844
2010-12-25 02:00:00,0.29876108726752504
2010-12-25 02:30:00,0.29876108726752504
2010-12-25 03:00:00,0.26894349070100143
2010-12-25 03:30:00,0.25134477825464946
2010-12-25 04:00:00,0.25134477825464946
2010-12-25 04:30:00,0.23913447782546493
2010-12-25 05:00:00,0.2341065808297568
2010-12-25 05:30:00,0.2341065808297568
2010-12-25 06:00:00,0.2646094420600858
2010-12-25 06:30:00,0.31546423462088696
2010-12-25 07:00:00,0.31546423462088696
2010-12-25 07:30:00,0.3993247496423462
2010-12-25 08:00:00,0.46550858369098713
2010-12-25 08:30:00,0.46550858369098713
2010-12-25 09:00:00,0.5454041487839771
2010-12-25 09:30:00,0.6086709585121602
2010-12-25 10:00:00,0.654332618025751
2010-12-25 10:30:00,0.654332618025751
2010-12-25 11:00:00,0.6893519313304721
2010-12-25 11:30:00,0.6893519313304721
2010-12-25 12:00:00,0.7205572246065808
2010-12-25 12:30:00,0.7754220314735337
2010-12-25 13:00:00,0.8085844062947066
2010-12-25 13:30:00,0.8012839771101574
2010-12-25 14:00:00,0.7585557939914164
2010-12-25 14:30:00,0.7086745350500715
2010-12-25 15:00:00,0.684173104434907
2010-12-25 15:30:00,0.6858254649499284
2010-12-25 16:00:00,0.6858254649499286
2010-12-25 16:30:00,0.771098712446352
2010-12-25 17:00:00,0.9113040057224606
2010-12-25 17:30:00,1.0838884120171672
2010-12-25 18:00:00,1.1889742489270387
2010-12-25 18:30:00,1.2352846924177394
2010-12-25 19:00:00,1.2263705293276108
2010-12-25 19:30:00,1.2263705293276108
2010-12-25 20:00:00,1.1677567954220314
2010-12-25 20:30:00,1.1073447782546495
2010-12-25 21:00:00,1.0159442060085837
2010-12-25 21:30:00,1.0047253218884118
2010-12-25 22:00:00,1.004725321888412
2010-12-25 22:30:00,0.9286659513590845
2010-12-25 23:00:00,0.8558741058655222
2010-12-25 23:30:00,0.7558798283261803
2010-12-26 00:00:00,0.5447231759656652
2010-12-26 00:30:00,0.4402138769670958
2010-12-26 01:00:00,0.35574034334763943
2010-12-26 01:30:00,0.296414878397711
2010-12-26 02:00:00,0.2599663805436338
2010-12-26 02:30:00,0.23668240343347638
2010-12-26 03:00:00,0.2224298998569385
2010-12-26 03:30:00,0.2164277539341917
2010-12-26 04:00:00,0.2106351931330472
2010-12-26 04:30:00,0.2169749642346209
2010-12-26 05:00:00,0.2144062947067239
2010-12-26 05:30:00,0.2214949928469242
2010-12-26 06:00:00,0.23808440629470673
2010-12-26 06:30:00,0.27833834048640915
2010-12-26 07:00:00,0.35281330472103006
2010-12-26 07:30:00,0.4364105865522174
2010-12-26 08:00:00,0.5200801144492132
2010-12-26 08:30:00,0.5655371959942775
2010-12-26 09:00:00,0.5871595135908442
2010-12-26 09:30:00,0.5868834048640915
2010-12-26 10:00:00,0.5357646638054364
2010-12-26 10:30:00,0.5108054363376252
2010-12-26 11:00:00,0.5073412017167381
2010-12-26 11:30:00,0.5012646638054363
2010-12-26 12:00:00,0.4958884120171674
2010-12-26 12:30:00,0.5011037195994278
2010-12-26 13:00:00,0.514359799713877
2010-12-26 13:30:00,0.5089391988555079
2010-12-26 14:00:00,0.4961466380543634
2010-12-26 14:30:00,0.4613769670958512
2010-12-26 15:00:00,0.45641201716738194
2010-12-26 15:30:00,0.4628025751072961
2010-12-26 16:00:00,0.49915879828326176
2010-12-26 16:30:00,0.5509978540772532
2010-12-26 17:00:00,0.600656652360515
2010-12-26 17:30:00,0.7026244635193132
2010-12-26 18:00:00,0.757429184549356
2010-12-26 18:30:00,0.8373876967095851
2010-12-26 19:00:00,0.8831824034334764
2010-12-26 19:30:00,0.9149856938483549
2010-12-26 20:00:00,0.9133690987124464
2010-12-26 20:30:00,0.8852546494992847
2010-12-26 21:00:00,0.8812217453505008
2010-12-26 21:30:00,0.8461659513590845
2010-12-26 22:00:00,0.807439198855508
2010-12-26 22:30:00,0.7597460658082976
2010-12-26 23:00:00,0.7171294706723891
2010-12-26 23:30:00,0.6453662374821173
2010-12-27 00:00:00,0.46590414878397707
2010-12-27 00:30:00,0.3546673819742489
2010-12-27 01:00:00,0.28409012875536477
2010-12-27 01:30:00,0.23381688125894132
2010-12-27 02:00:00,0.20180400572246068
2010-12-27 02:30:00,0.18340772532188843
2010-12-27 03:00:00,0.18340772532188843
2010-12-27 03:30:00,0.1800436337625179
2010-12-27 04:00:00,0.17889484978540773
2010-12-27 04:30:00,0.182810443490701
2010-12-27 05:00:00,0.187206008583691
2010-12-27 05:30:00,0.19873748211731046
2010-12-27 06:00:00,0.21347782546494995
2010-12-27 06:30:00,0.2516008583690987
2010-12-27 07:00:00,0.31711158798283257
2010-12-27 07:30:00,0.4115622317596566
2010-12-27 08:00:00,0.4863154506437768
2010-12-27 08:30:00,0.5247417739628041
2010-12-27 09:00:00,0.5315515021459228
2010-12-27 09:30:00,0.5133862660944205
2010-12-27 10:00:00,0.4977381974248927
2010-12-27 10:30:00,0.474274678111588
2010-12-27 11:00:00,0.4722689556509299
2010-12-27 11:30:00,0.48102288984263236
2010-12-27 12:00:00,0.5090336194563663
2010-12-27 12:30:00,0.5090336194563662
2010-12-27 13:00:00,0.5428111587982832
2010-12-27 13:30:00,0.533379113018598
2010-12-27 14:00:00,0.533379113018598
2010-12-27 14:30:00,0.5433175965665237
2010-12-27 15:00:00,0.5433175965665236
2010-12-27 15:30:00,0.5670407725321888
2010-12-27 16:00:00,0.6558977110157368
2010-12-27 16:30:00,0.6558977110157368
2010-12-27 17:00:00,0.7311845493562231
2010-12-27 17:30:00,0.8244692417739627
2010-12-27 18:00:00,0.8244692417739627
2010-12-27 18:30:00,0.8832682403433476
2010-12-27 19:00:00,0.9255178826895564
2010-12-27 19:30:00,0.909456366237482
2010-12-27 20:00:00,0.8773626609442061
2010-12-27 20:30:00,0.8384577968526467
2010-12-27 21:00:00,0.8139785407725322
2010-12-27 21:30:00,0.8139785407725322
2010-12-27 22:00:00,0.7647424892703863
2010-12-27 22:30:00,0.6895143061516452
2010-12-27 23:00:00,0.6286680972818312
2010-12-27 23:30:00,0.5505464949928469
2010-12-28 00:00:00,0.4069599427753934
2010-12-28 00:30:00,0.3157618025751073
2010-12-28 01:00:00,0.2604699570815451
2010-12-28 01:30:00,0.22969027181688126
2010-12-28 02:00:00,0.2153497854077253
2010-12-28 02:30:00,0.18968884120171672
2010-12-28 03:00:00,0.17664949928469242
2010-12-28 03:30:00,0.17505579399141633
2010-12-28 04:00:00,0.17187553648068668
2010-12-28 04:30:00,0.17542846924177394
2010-12-28 05:00:00,0.17710515021459228
2010-12-28 05:30:00,0.19238555078683836
2010-12-28 06:00:00,0.22546423462088697
2010-12-28 06:30:00,0.24394134477825466
2010-12-28 07:00:00,0.32933619456366237
2010-12-28 07:30:00,0.39909799713876976
2010-12-28 08:00:00,0.4859391988555079
2010-12-28 08:30:00,0.5128547925608011
2010-12-28 09:00:00,0.5063412017167382
2010-12-28 09:30:00,0.46912589413447786
2010-12-28 10:00:00,0.41503433476394846
2010-12-28 10:30:00,0.41509227467811155
2010-12-28 11:00:00,0.43594277539341914
2010-12-28 11:30:00,0.43009012875536473
2010-12-28 12:00:00,0.4043683834048641
2010-12-28 12:30:00,0.40401001430615163
2010-12-28 13:00:00,0.42596781115879834
2010-12-28 13:30:00,0.42492131616595136
2010-12-28 14:00:00,0.436667381974249
2010-12-28 14:30:00,0.4100636623748212
2010-12-28 15:00:00,0.41132188841201717
2010-12-28 15:30:00,0.42915450643776826
2010-12-28 16:00:00,0.48246208869814017
2010-12-28 16:30:00,0.49018884120171674
2010-12-28 17:00:00,0.5851824034334764
2010-12-28 17:30:00,0.6507374821173104
2010-12-28 18:00:00,0.6618805436337625
2010-12-28 18:30:00,0.7019585121602289
2010-12-28 19:00:00,0.7470686695278971
2010-12-28 19:30:00,0.7267618025751071
2010-12-28 20:00:00,0.7980507868383405
2010-12-28 20:30:00,0.8153483547925608
2010-12-28 21:00:00,0.8192403433476394
2010-12-28 21:30:00,0.787365522174535
2010-12-28 22:00:00,0.7028469241773964
2010-12-28 22:30:00,0.6388826895565093
2010-12-28 23:00:00,0.6169756795422031
2010-12-28 23:30:00,0.5546230329041488
2010-12-29 00:00:00,0.3868612303290415
2010-12-29 00:30:00,0.3326201716738198
2010-12-29 01:00:00,0.2512339055793992
2010-12-29 01:30:00,0.22727896995708155
2010-12-29 02:00:00,0.20335908440629472
2010-12-29 02:30:00,0.1925600858369099
2010-12-29 03:00:00,0.179706008583691
2010-12-29 03:30:00,0.17109227467811158
2010-12-29 04:00:00,0.1659220314735336
2010-12-29 04:30:00,0.16896995708154508
2010-12-29 05:00:00,0.1760422031473534
2010-12-29 05:30:00,0.19099141630901287
2010-12-29 06:00:00,0.22492918454935626
2010-12-29 06:30:00,0.2577246065808298
2010-12-29 07:00:00,0.32360014306151647
2010-12-29 07:30:00,0.40288698140200285
2010-12-29 08:00:00,0.5255515021459228
2010-12-29 08:30:00,0.5190436337625179
2010-12-29 09:00:00,0.5073054363376251
2010-12-29 09:30:00,0.4422768240343347
2010-12-29 10:00:00,0.4221037195994277
2010-12-29 10:30:00,0.4119220314735336
2010-12-29 11:00:00,0.41046423462088694
2010-12-29 11:30:00,0.40045922746781115
2010-12-29 12:00:00,0.40675321888412014
2010-12-29 12:30:00,0.41595350500715306
2010-12-29 13:00:00,0.4314306151645207
2010-12-29 13:30:00,0.41894849785407723
2010-12-29 14:00:00,0.40090343347639484
2010-12-29 14:30:00,0.4099606580829757
2010-12-29 15:00:00,0.3957489270386266
2010-12-29 15:30:00,0.4072310443490701
2010-12-29 16:00:00,0.41668812589413445
2010-12-29 16:30:00,0.47454148783977107
2010-12-29 17:00:00,0.5378791130185979
2010-12-29 17:30:00,0.5565608011444921
2010-12-29 18:00:00,0.607719599427754
2010-12-29 18:30:00,0.6331351931330472
2010-12-29 19:00:00,0.7099055793991417
2010-12-29 19:30:00,0.7708705293276109
2010-12-29 20:00:00,0.8058369098712447
2010-12-29 20:30:00,0.8030100143061517
2010-12-29 21:00:00,0.7678619456366237
2010-12-29 21:30:00,0.7483991416309014
2010-12-29 22:00:00,0.7358311874105866
2010-12-29 22:30:00,0.6582868383404864
2010-12-29 23:00:00,0.6080643776824034
2010-12-29 23:30:00,0.5606773962804006
2010-12-30 00:00:00,0.4062975679542203
2010-12-30 00:30:00,0.33133690987124464
2010-12-30 01:00:00,0.27337195994277536
2010-12-30 01:30:00,0.23690915593705295
2010-12-30 02:00:00,0.23468311874105865
2010-12-30 02:30:00,0.19636266094420604
2010-12-30 03:00:00,0.18950143061516453
2010-12-30 03:30:00,0.16971673819742486
2010-12-30 04:00:00,0.16259871244635193
2010-12-30 04:30:00,0.1685057224606581
2010-12-30 05:00:00,0.17512517882689557
2010-12-30 05:30:00,0.19941917024320457
2010-12-30 06:00:00,0.2184277539341917
2010-12-30 06:30:00,0.261532904148784
2010-12-30 07:00:00,0.2713919885550787
2010-12-30 07:30:00,0.41030901287553645
2010-12-30 08:00:00,0.5348097281831187
2010-12-30 08:30:00,0.5348097281831188
2010-12-30 09:00:00,0.5077517882689556
2010-12-30 09:30:00,0.41886266094420604
2010-12-30 10:00:00,0.41886266094420604
2010-12-30 10:30:00,0.4125872675250358
2010-12-30 11:00:00,0.41189914163090124
2010-12-30 11:30:00,0.40447639484978537
2010-12-30 12:00:00,0.3924084406294707
2010-12-30 12:30:00,0.4184499284692418
2010-12-30 13:00:00,0.45053862660944205
2010-12-30 13:30:00,0.4473919885550786
2010-12-30 14:00:00,0.40399141630901286
2010-12-30 14:30:00,0.39271745350500714
2010-12-30 15:00:00,0.3917145922746781
2010-12-30 15:30:00,0.4328640915593705
2010-12-30 16:00:00,0.4820243204577968
2010-12-30 16:30:00,0.4981959942775393
2010-12-30 17:00:00,0.5316351931330472
2010-12-30 17:30:00,0.5653082975679542
2010-12-30 18:00:00,0.6219134477825464
2010-12-30 18:30:00,0.683467095851216
2010-12-30 19:00:00,0.7459320457796853
2010-12-30 19:30:00,0.8068969957081545
2010-12-30 20:00:00,0.8202010014306151
2010-12-30 20:30:00,0.7841008583690986
2010-12-30 21:00:00,0.7393204577968526
2010-12-30 21:30:00,0.7444778254649499
2010-12-30 22:00:00,0.6944184549356223
2010-12-30 22:30:00,0.651277539341917
2010-12-30 23:00:00,0.624095851216023
2010-12-30 23:30:00,0.5611309012875537
2010-12-31 00:00:00,0.441879113018598
2010-12-31 00:30:00,0.37045708154506435
2010-12-31 01:00:00,0.3079291845493562
2010-12-31 01:30:00,0.26299785407725323
2010-12-31 02:00:00,0.23468311874105865
2010-12-31 02:30:00,0.20990844062947067
2010-12-31 03:00:00,0.18950143061516453
2010-12-31 03:30:00,0.1717024320457797
2010-12-31 04:00:00,0.16435121602288985
2010-12-31 04:30:00,0.16541559370529327
2010-12-31 05:00:00,0.17512517882689557
2010-12-31 05:30:00,0.19516380543633763
2010-12-31 06:00:00,0.21346137339055793
2010-12-31 06:30:00,0.2514656652360515
2010-12-31 07:00:00,0.2514656652360515
2010-12-31 07:30:00,0.3579155937052933
2010-12-31 08:00:00,0.4289256080114449
2010-12-31 08:30:00,0.4583862660944206
2010-12-31 09:00:00,0.4583862660944206
2010-12-31 09:30:00,0.41886266094420604
2010-12-31 10:00:00,0.41886266094420604
2010-12-31 10:30:00,0.413087982832618
2010-12-31 11:00:00,0.40876609442060086
2010-12-31 11:30:00,0.394431330472103
2010-12-31 12:00:00,0.394431330472103
2010-12-31 12:30:00,0.41064949928469247
2010-12-31 13:00:00,0.43479399141630903
2010-12-31 13:30:00,0.42671030042918456
2010-12-31 14:00:00,0.42671030042918456
2010-12-31 14:30:00,0.42671030042918456
2010-12-31 15:00:00,0.429620886981402
2010-12-31 15:30:00,0.45164663805436334
2010-12-31 16:00:00,0.5121394849785408
2010-12-31 16:30:00,0.5121394849785408
2010-12-31 17:00:00,0.5451208869814019
2010-12-31 17:30:00,0.5907260371959943
2010-12-31 18:00:00,0.6578454935622317
2010-12-31 18:30:00,0.7459341917024319
2010-12-31 19:00:00,0.7459341917024321
2010-12-31 19:30:00,0.7870958512160229
2010-12-31 20:00:00,0.7856030042918455
2010-12-31 20:30:00,0.7393204577968526
2010-12-31 21:00:00,0.7393204577968526
2010-12-31 21:30:00,0.70220886981402
2010-12-31 22:00:00,0.6710314735336195
2010-12-31 22:30:00,0.6404735336194564
2010-12-31 23:00:00,0.5893311874105865
2010-12-31 23:30:00,0.5244964234620887
